Company Name,Stock Code
極洋,1301.T
ニッスイ,1332.T
マルハニチロ,1333.T
雪国まいたけ,1375.T
サカタのタネ,1377.T
ホクト,1379.T
ヒノキヤグループ,1413.T
ショーボンド HD,1414.T
ミライト・ワン,1417.T
タマホーム,1419.T
日本アクア,1429.T
ファーストコーポレーション,1430.T
ベステラ,1433.T
Robot Home,1435.T
日鉄鉱業,1515.T
三井松島 HD,1518.T
INPEX,1605.T
石油資源開発,1662.T
K&Oエナジーグループ,1663.T
ダイセキ環境ソリューション,1712.T
第一カッター興業,1716.T
安藤・間,1719.T
東急建設,1720.T
コムシス HD,1721.T
ビーアール HD,1726.T
髙松コンストラクショングループ,1762.T
東建コーポレーション,1766.T
ヤマウラ,1780.T
オリエンタル白石,1786.T
大成建設,1801.T
大林組,1802.T
清水建設,1803.T
飛島建設,1805.T
長谷工コーポレーション,1808.T
松井建設,1810.T
鹿島建設,1812.T
不動テトラ,1813.T
大末建設,1814.T
鉄建建設,1815.T
西松建設,1820.T
三井住友建設,1821.T
大豊建設,1822.T
奥村組,1833.T
東鉄工業,1835.T
イチケン,1847.T
淺沼組,1852.T
戸田建設,1860.T
熊谷組,1861.T
矢作建設工業,1870.T
ピーエス三菱,1871.T
日本ハウス HD,1873.T
大東建託,1878.T
新日本建設,1879.T
東亜道路工業,1882.T
日本道路,1884.T
東亜建設工業,1885.T
日本国土開発,1887.T
若築建設,1888.T
東洋建設,1890.T
五洋建設,1893.T
世紀東急工業,1898.T
福田組,1899.T
住友林業,1911.T
大和ハウス工業,1925.T
ライト工業,1926.T
積水ハウス,1928.T
日特建設,1929.T
北陸電気工事,1930.T
ユアテック,1934.T
日本リーテック,1938.T
四電工,1939.T
中電工,1941.T
関電工,1942.T
きんでん,1944.T
東京エネシス,1945.T
トーエネック,1946.T
住友電設,1949.T
日本電設工業,1950.T
エクシオグループ,1951.T
新日本空調,1952.T
日本工営,1954.T
九電工,1959.T
三機工業,1961.T
日揮 HD,1963.T
中外炉工業,1964.T
太平電業,1968.T
高砂熱学工業,1969.T
NECネッツエスアイ,1973.T
朝日工業社,1975.T
明星工業,1976.T
大気社,1979.T
ダイダン,1980.T
日比谷総合設備,1982.T
ニップン,2001.T
日清製粉G,2002.T
昭和産業,2004.T
中部飼料,2053.T
フィード・ワン,2060.T
日本甜菜製糖,2108.T
DM三井製糖 HD,2109.T
ウェルネオシュガー,2117.T
LIFULL,2120.T
MIXI,2121.T
ジェイエイシーリクルートメント,2124.T
日本M&Aセンター HD,2127.T
メンバーズ,2130.T
UTグループ,2146.T
アイティメディア,2148.T
E・J HD,2153.T
オープンアップグループ,2154.T
コシダカ HD,2157.T
アルトナー,2163.T
パソナグループ,2168.T
リンクアンドモチベーション,2170.T
エス・エム・エス,2175.T
パーソル HD,2181.T
アイ・ケイ・ケイ HD,2198.T
森永製菓,2201.T
江崎グリコ,2206.T
名糖産業,2207.T
井村屋グループ,2209.T
不二家,2211.T
山崎製パン,2212.T
モロゾフ,2217.T
亀田製菓,2220.T
寿スピリッツ,2222.T
カルビー,2229.T
森永乳業,2264.T
六甲バター,2266.T
ヤクルト本社,2267.T
明治 HD,2269.T
雪印メグミルク,2270.T
プリマハム,2281.T
日本ハム,2282.T
丸大食品,2288.T
エスフーズ,2292.T
柿安本店,2294.T
伊藤ハム米久 HD,2296.T
学情,2301.T
スタジオアリス,2305.T
クロスキャット,2307.T
シミック HD,2309.T
システナ,2317.T
NJS,2325.T
デジタルアーツ,2326.T
日鉄ソリューションズ,2327.T
綜合警備保障,2331.T
キューブシステム,2335.T
いちご,2337.T
WOW WORLD,2352.T
日本駐車場開発,2353.T
コア,2359.T
カカクコム,2371.T
アイロムグループ,2372.T
セントケア・ホールディング,2374.T
ルネサンス,2378.T
ディップ,2379.T
SBS HD,2384.T
デジタル HD,2389.T
新日本科学,2395.T
キャリアデザインセンター,2410.T
ベネフィット・ワン,2412.T
エムスリー,2413.T
アウトソーシング,2427.T
ワールド HD,2429.T
ディー・エヌ・エー,2432.T
博報堂DY HD,2433.T
ぐるなび,2440.T
タカミヤ,2445.T
ジャパンベストレスキューシステム,2453.T
ファンコミュニケーションズ,2461.T
ライク,2462.T
エスプール,2471.T
WDB HD,2475.T
アドウェイズ,2489.T
バリューコマース,2491.T
インフォマート,2492.T
サッポロ HD,2501.T
アサヒグループ HD,2502.T
キリン HD,2503.T
宝 HD,2531.T
オエノン HD,2533.T
養命酒製造,2540.T
コカ・コーラボトラーズジャパン HD,2579.T
ライフドリンクカンパニー,2585.T
サントリー食品インターナショナル,2587.T
ダイドーグループ HD,2590.T
伊藤園,2593.T
キーコーヒー,2594.T
日清オイリオグループ,2602.T
不二製油G,2607.T
J-オイルミルズ,2613.T
ローソン,2651.T
サンエー,2659.T
カワチ薬品,2664.T
エービーシー・マート,2670.T
ハードオフコーポレーション,2674.T
高千穂交易,2676.T
アスクル,2678.T
ゲオ HD,2681.T
アダストリア,2685.T
伊藤忠食品,2692.T
くら寿司,2695.T
エレマテック,2715.T
パルグループ HD,2726.T
エディオン,2730.T
あらた,2733.T
サーラコーポレーション,2734.T
トーメンデバイス,2737.T
ハローズ,2742.T
JP HD,2749.T
フジオフードG,2752.T
あみやき亭,2753.T
東京エレクトロンデバイス,2760.T
円谷フィールズ HD,2767.T
双日,2768.T
アルフレッサ HD,2784.T
大黒天物産,2791.T
ハニーズ HD,2792.T
キッコーマン,2801.T
味の素,2802.T
ブルドックソース,2804.T
キユーピー,2809.T
ハウス食品G,2810.T
カゴメ,2811.T
アリアケジャパン,2815.T
ニチレイ,2871.T
横浜冷凍,2874.T
東洋水産,2875.T
イートアンド HD,2882.T
ヨシムラ・フードHD,2884.T
日清食品 HD,2897.T
永谷園 HD,2899.T
フジッコ,2908.T
ロック・フィールド,2910.T
日本たばこ産業,2914.T
ケンコーマヨネーズ,2915.T
わらべや日洋 HD,2918.T
なとり,2922.T
ピックルスコーポレーション,2925.T
ファーマフーズ,2929.T
北の達人コーポレーション,2930.T
ユーグレナ,2931.T
紀文食品,2933.T
ピックルス HD,2935.T
スター・マイカHD,2975.T
SRE HD,2980.T
ADワークスグループ,2982.T
グンゼ,3002.T
ヒューリック,3003.T
アルペン,3028.T
ハブ,3030.T
ラクーン HD,3031.T
クオール HD,3034.T
アルコニックス,3036.T
神戸物産,3038.T
ソリトンシステムズ,3040.T
ジンズ HD,3046.T
ビックカメラ,3048.T
DCM HD,3050.T
ペッパーフードサービス,3053.T
ハイパー,3054.T
MonotaRO,3064.T
東京一番フーズ,3067.T
DDグループ,3073.T
あい HD,3076.T
アークランドサービス HD,3085.T
J.フロントリテイリング,3086.T
ドトール・日レス HD,3087.T
マツキヨココカラ&カンパニー,3088.T
ブロンコビリー,3091.T
ZOZO,3092.T
トレジャー・ファクトリー,3093.T
物語コーポレーション,3097.T
三越伊勢丹 HD,3099.T
東洋紡,3101.T
ユニチカ,3103.T
富士紡 HD,3104.T
日清紡 HD,3105.T
倉敷紡績,3106.T
ダイワボウ HD,3107.T
シキボウ,3109.T
日東紡績,3110.T
トヨタ紡織,3116.T
マクニカ HD,3132.T
Hamee,3134.T
マーケットエンタープライズ,3135.T
ラクト・ジャパン,3139.T
ウエルシア HD,3141.T
クリエイトSD HD,3148.T
グリムス,3150.T
バイタルケーエスケーHD,3151.T
八洲電機,3153.T
メディアス HD,3154.T
レスター HD,3156.T
OCHI HD,3166.T
TOKAI HD,3167.T
Cominix,3173.T
三洋貿易,3176.T
シュッピン,3179.T
ビューティガレージ,3180.T
オイシックス・ラ・大地,3182.T
ウイン・パートナーズ,3183.T
ネクステージ,3186.T
ジョイフル本田,3191.T
鳥貴族 HD,3193.T
ホットランド,3196.T
すかいらーく HD,3197.T
SFP HD,3198.T
綿半 HD,3199.T
日本毛織,3201.T
ヨシックス HD,3221.T
三栄建築設計,3228.T
野村不動産 HD,3231.T
三重交通グループ HD,3232.T
サムティ,3244.T
ディア・ライフ,3245.T
地主,3252.T
フィル・カンパニー,3267.T
ハウスコム,3275.T
JPMC,3276.T
フージャース HD,3284.T
オープンハウスグループ,3288.T
東急不動産 HD,3289.T
飯田グループ HD,3291.T
ムゲンエステート,3299.T
帝国繊維,3302.T
日本コークス工業,3315.T
ゴルフダイジェスト・オンライン,3319.T
BEENOS,3328.T
あさひ,3333.T
日本調剤,3341.T
コスモス薬品,3349.T
シップヘルスケア HD,3360.T
ソフトクリエイト HD,3371.T
セブン&アイHD,3382.T
クリエイト・レストランツHD,3387.T
明治電機工業,3388.T
ツルハ HD,3391.T
スターティア HD,3393.T
サンマルク HD,3395.T
トリドール HD,3397.T
帝人,3401.T
東レ,3402.T
クラレ,3405.T
旭化成,3407.T
TOKYO BASE,3415.T
宮地エンジニアリンググループ,3431.T
トーカロ,3433.T
SUMCO,3436.T
川田テクノロジーズ,3443.T
RS Technologies,3445.T
ジェイテックコーポレーション,3446.T
ビーロット,3452.T
ファーストブラザーズ,3454.T
And Do HD,3457.T
シーアールイー,3458.T
プロパティエージェント,3464.T
ケイアイスター不動産,3465.T
アグレ都市デザイン,3467.T
グッドコムアセット,3475.T
ジェイ・エス・ビー,3480.T
ロードスターキャピタル,3482.T
テンポイノベーション,3484.T
グローバル・リンク・マネジメント,3486.T
フェイスネットワーク,3489.T
霞ヶ関キャピタル,3498.T
住江織物,3501.T
エコナック HD,3521.T
芦森工業,3526.T
アツギ,3529.T
ウイルプラス HD,3538.T
JM HD,3539.T
コメダ HD,3543.T
サツドラ HD,3544.T
アレンザ HD,3546.T
バロックジャパンリミテッド,3548.T
クスリのアオキ HD,3549.T
ピーバンドットコム,3559.T
力の源 HD,3561.T
FOOD&LIFE COMPANIES,3563.T
アセンテック,3565.T
セーレン,3569.T
小松マテーレ,3580.T
ワコール HD,3591.T
ホギメディカル,3593.T
TSI HD,3608.T
マツオカコーポレーション,3611.T
ワールド,3612.T
TIS,3626.T
テクミラ HD,3627.T
グリー,3632.T
GMOペパボ,3633.T
コーエーテクモ HD,3635.T
三菱総合研究所,3636.T
ファインデックス,3649.T
ブレインパッド,3655.T
KLab,3656.T
ポールトゥウィン HD,3657.T
ネクソン,3659.T
アイスタイル,3660.T
エムアップ HD,3661.T
エイチーム,3662.T
エニグモ,3665.T
テクノスジャパン,3666.T
コロプラ,3668.T
ブロードリーフ,3673.T
クロス・マーケティンググループ,3675.T
デジタルハーツ HD,3676.T
システム情報,3677.T
メディアドゥ,3678.T
じげん,3679.T
ブイキューブ,3681.T
サイバーリンクス,3683.T
フィックスターズ,3687.T
CARTA HOLDINGS,3688.T
オプティム,3694.T
セレス,3696.T
SHIFT,3697.T
特種東海製紙,3708.T
ティーガイア,3738.T
セック,3741.T
テクマトリックス,3762.T
プロシップ,3763.T
ガンホー・オンライン・エンターテイメント,3765.T
GMOペイメントゲートウェイ,3769.T
システムリサーチ,3771.T
インターネットイニシアティブ,3774.T
さくらインターネット,3778.T
GMOグローバルサインHD,3788.T
SRA HD,3817.T
朝日ネット,3834.T
eBASE,3835.T
アバントグループ,3836.T
アドソル日進,3837.T
ODKソリューションズ,3839.T
フリービット,3843.T
コムチュア,3844.T
アステリア,3853.T
アイル,3854.T
王子 HD,3861.T
日本製紙,3863.T
三菱製紙,3864.T
北越コーポレーション,3865.T
中越パルプ工業,3877.T
大王製紙,3880.T
マークラインズ,3901.T
メディカル・データ・ビジョン,3902.T
gumi,3903.T
モバイルファクトリー,3912.T
テラスカイ,3915.T
デジタル・インフォメーション・テクノロジー,3916.T
PCI HD,3918.T
ネオジャパン,3921.T
PR TIMES,3922.T
ラクス,3923.T
ランドコンピュータ,3924.T
ダブルスタンダード,3925.T
オープンドア,3926.T
マイネット,3928.T
アカツキ,3932.T
ベネフィットジャパン,3934.T
Ubicom HD,3937.T
カナミックネットワーク,3939.T
ノムラシステムコーポレーション,3940.T
レンゴー,3941.T
トーモク,3946.T
ザ・パック,3950.T
チェンジ HD,3962.T
シンクロ・フード,3963.T
オークネット,3964.T
セグエグループ,3968.T
マクロミル,3978.T
ビーグリー,3981.T
オロ,3983.T
ユーザーローカル,3984.T
テモナ,3985.T
ニーズウェル,3992.T
マネーフォワード,3994.T
サインポスト,3996.T
レゾナックHD,4004.T
住友化学,4005.T
住友精化,4008.T
日産化学,4021.T
ラサ工業,4022.T
クレハ,4023.T
多木化学,4025.T
テイカ,4027.T
石原産業,4028.T
日本曹達,4041.T
東ソー,4042.T
トクヤマ,4043.T
セントラル硝子,4044.T
東亞合成,4045.T
大阪ソーダ,4046.T
関東電化工業,4047.T
Sun Asterisk,4053.T
デンカ,4061.T
イビデン,4062.T
信越化学工業,4063.T
日本カーバイド工業,4064.T
プラスアルファ・コンサルティング,4071.T
電算システム HD,4072.T
堺化学工業,4078.T
第一稀元素化学工業,4082.T
エア・ウォーター,4088.T
日本酸素 HD,4091.T
日本化学工業,4092.T
東邦アセチレン,4093.T
日本パーカライジング,4095.T
高圧ガス工業,4097.T
四国化成 HD,4099.T
ステラケミファ,4109.T
保土谷化学工業,4112.T
日本触媒,4114.T
大日精化工業,4116.T
カネカ,4118.T
協和キリン,4151.T
Appier Group,4180.T
三菱瓦斯化学,4182.T
三井化学,4183.T
JSR,4185.T
東京応化工業,4186.T
大阪有機化学工業,4187.T
三菱ケミカルグループ,4188.T
KHネオケム,4189.T
ダイセル,4202.T
住友ベークライト,4203.T
積水化学工業,4204.T
日本ゼオン,4205.T
アイカ工業,4206.T
UBE,4208.T
積水樹脂,4212.T
タキロンシーアイ,4215.T
旭有機材,4216.T
ニチバン,4218.T
リケンテクノス,4220.T
大倉工業,4221.T
積水化成品工業,4228.T
群栄化学工業,4229.T
ダイキョーニシカワ,4246.T
森六 HD,4249.T
恵和,4251.T
日本化薬,4272.T
カーリット HD,4275.T
プレステージ・インターナショナル,4290.T
プロトコーポレーション,4298.T
アミューズ,4301.T
野村総合研究所,4307.T
ドリームインキュベータ,4310.T
クイック,4318.T
日本システム技術,4323.T
電通グループ,4324.T
インテージ HD,4326.T
テイクアンドギヴ・ニーズ,4331.T
東邦システムサイエンス,4333.T
ぴあ,4337.T
イオンファンタジー,4343.T
ソースネクスト,4344.T
シーティーエス,4345.T
インフォコム,4348.T
日本精化,4362.T
扶桑化学工業,4368.T
トリケミカル研究所,4369.T
シンプレクスHD,4373.T
ラクスル,4384.T
メルカリ,4385.T
アイ・ピー・エス,4390.T
FIG,4392.T
システムサポート,4396.T
ADEKA,4401.T
日油,4403.T
ハリマ化成グループ,4410.T
アルテリア・ネットワークス,4423.T
ウイングアーク1st,4432.T
ヒト・コミュニケーションズHD,4433.T
Sansan,4443.T
Link-U,4446.T
ギフティ,4449.T
花王,4452.T
第一工業製薬,4461.T
石原ケミカル,4462.T
三洋化成工業,4471.T
メドレー,4480.T
ベース,4481.T
JMDC,4483.T
武田薬品工業,4502.T
アステラス製薬,4503.T
住友ファーマ,4506.T
塩野義製薬,4507.T
日本新薬,4516.T
中外製薬,4519.T
科研製薬,4521.T
エーザイ,4523.T
理研ビタミン,4526.T
ロート製薬,4527.T
小野薬品工業,4528.T
久光製薬,4530.T
持田製薬,4534.T
参天製薬,4536.T
扶桑薬品工業,4538.T
ツムラ,4540.T
日医工,4541.T
テルモ,4543.T
H.U.グループ HD,4544.T
キッセイ薬品工業,4547.T
生化学工業,4548.T
栄研化学,4549.T
日水製薬,4550.T
鳥居薬品,4551.T
JCRファーマ,4552.T
東和薬品,4553.T
富士製薬工業,4554.T
ゼリア新薬工業,4559.T
そーせいグループ,4565.T
第一三共,4568.T
杏林製薬,4569.T
大幸薬品,4574.T
ダイト,4577.T
大塚 HD,4578.T
ペプチドリーム,4587.T
大日本塗料,4611.T
日本ペイント HD,4612.T
関西ペイント,4613.T
中国塗料,4617.T
太陽 HD,4626.T
DIC,4631.T
サカタインクス,4633.T
東洋インキSC HD,4634.T
T&K TOKA,4636.T
アルプス技研,4641.T
ダイオーズ,4653.T
日本空調サービス,4658.T
オリエンタルランド,4661.T
フォーカスシステムズ,4662.T
ダスキン,4665.T
パーク二四(パーク24),4666.T
明光ネットワークジャパン,4668.T
クレスコ,4674.T
フジ・メディアHD,4676.T
ラウンドワン,4680.T
リゾートトラスト,4681.T
オービック,4684.T
ジャストシステム,4686.T
TDCソフト,4687.T
LINEヤフー,4689.T
ビー・エム・エル,4694.T
トレンドマイクロ,4704.T
りらいあコミュニケーションズ,4708.T
ID HD,4709.T
リソー教育,4714.T
早稲田アカデミー,4718.T
アルファシステムズ,4719.T
フューチャー,4722.T
CAC HD,4725.T
SBテクノロジー,4726.T
ユー・エス・エス,4732.T
オービックビジネスコンサルタント,4733.T
伊藤忠テクノソリューションズ,4739.T
アイティフォー,4743.T
サイバーエージェント,4751.T
楽天グループ,4755.T
クリーク・アンド・リバー社,4763.T
SBIグローバルアセットマネジメント,4765.T
大塚商会,4768.T
サイボウズ,4776.T
山田コンサルティンググループ,4792.T
セントラルスポーツ,4801.T
パラカ,4809.T
電通国際情報サービス,4812.T
ACCESS,4813.T
デジタルガレージ,4819.T
イーエムシステムズ(商号EMシステムズ),4820.T
ウェザーニューズ,4825.T
CIJ,4826.T
ビジネスエンジニアリング,4828.T
WOWOW,4839.T
スカラ,4845.T
インテリジェントウェイブ,4847.T
フルキャスト HD,4848.T
エン・ジャパン,4849.T
セルソース,4880.T
あすか製薬 HD,4886.T
サワイグループ HD,4887.T
富士フイルム HD,4901.T
コニカミノルタ,4902.T
資生堂,4911.T
ライオン,4912.T
高砂香料工業,4914.T
マンダム,4917.T
ミルボン,4919.T
ファンケル,4921.T
コーセー,4922.T
コタ,4923.T
ポーラ・オルビス HD,4927.T
ノエビア HD,4928.T
新日本製薬,4931.T
I-ne,4933.T
アクシージア,4936.T
エステー,4951.T
コニシ,4956.T
長谷川香料,4958.T
星光PMC,4963.T
小林製薬,4967.T
荒川化学工業,4968.T
メック,4971.T
日本高純度化学,4973.T
タカラバイオ,4974.T
JCU,4975.T
デクセリアルズ,4980.T
アース製薬,4985.T
クミアイ化学工業,4996.T
日本農薬,4997.T
ニチレキ,5011.T
富士石油,5017.T
出光興産,5019.T
ENEOS HD,5020.T
コスモエネルギー HD,5021.T
ANYCOLOR,5032.T
テス HD,5074.T
インフロニアHD,5076.T
横浜ゴム,5101.T
TOYO TIRE,5105.T
ブリヂストン,5108.T
住友ゴム工業,5110.T
藤倉コンポジット,5121.T
オカモト,5122.T
WOW WORLD GROUP,5128.T
アキレス,5142.T
フコク,5185.T
ニッタ,5186.T
住友理工,5191.T
三ツ星ベルト,5192.T
バンドー化学,5195.T
AGC,5201.T
日本板硝子,5202.T
有沢製作所,5208.T
日本電気硝子,5214.T
住友大阪セメント,5232.T
太平洋セメント,5233.T
リソル HD,5261.T
日本ヒューム,5262.T
日本コンクリート工業,5269.T
アジアパイル HD,5288.T
東海カーボン,5301.T
日本カーボン,5302.T
東洋炭素,5310.T
ノリタケカンパニーリミテド,5331.T
TOTO,5332.T
日本碍子,5333.T
日本特殊陶業,5334.T
MARUWA,5344.T
品川リフラクトリーズ,5351.T
黒崎播磨,5352.T
ヨータイ,5357.T
フジミインコーポレーテッド,5384.T
ニチアス,5393.T
日本製鉄,5401.T
神戸製鋼所,5406.T
中山製鋼所,5408.T
合同製鐵,5410.T
JFE HD,5411.T
東京製鐵,5423.T
共英製鋼,5440.T
大和工業,5444.T
東京鐵鋼,5445.T
淀川製鋼所,5451.T
中部鋼鈑,5461.T
丸一鋼管,5463.T
大同特殊鋼,5471.T
日本冶金工業,5480.T
山陽特殊製鋼,5481.T
愛知製鋼,5482.T
プロテリアル,5486.T
ミガロ HD,5535.T
大平洋金属,5541.T
新日本電工,5563.T
栗本鐵工所,5602.T
日本製鋼所,5631.T
三菱製鋼,5632.T
日本精線,5659.T
エンビプロHD,5698.T
大紀アルミニウム工業所,5702.T
日本軽金属 HD,5703.T
三井金属鉱業,5706.T
東邦亜鉛,5707.T
三菱マテリアル,5711.T
住友金属鉱山,5713.T
DOWA HD,5714.T
古河機械金属,5715.T
大阪チタニウムテクノロジーズ,5726.T
東邦チタニウム,5727.T
UACJ,5741.T
CKサンエツ,5757.T
古河電気工業,5801.T
住友電気工業,5802.T
フジクラ,5803.T
SWCC,5805.T
タツタ電線,5809.T
平河ヒューテック,5821.T
いよぎん HD,5830.T
しずおか FG,5831.T
ちゅうぎん FG,5832.T
楽天銀行,5838.T
京都 FG,5844.T
リョービ,5851.T
アーレスティ,5852.T
ARE HD,5857.T
東洋製罐グループ HD,5901.T
ホッカン HD,5902.T
横河ブリッジ HD,5911.T
駒井ハルテック,5915.T
三和 HD,5929.T
文化シヤッター,5930.T
三協立山,5932.T
アルインコ,5933.T
LIXIL,5938.T
ノーリツ,5943.T
長府製作所,5946.T
リンナイ,5947.T
ユニプレス,5949.T
日東精工,5957.T
岡部,5959.T
ジーテクト,5970.T
東プレ,5975.T
高周波熱錬,5976.T
東京製綱,5981.T
パイオラックス,5988.T
エイチワン,5989.T
日本発條,5991.T
三浦工業,6005.T
タクマ,6013.T
テクノプロHD,6028.T
アイ・アールジャパン HD,6035.T
KeePer技研,6036.T
Gunosy,6047.T
イー・ガーディアン,6050.T
リブセンス,6054.T
ジャパンマテリアル,6055.T
ベクトル,6058.T
チャーム・ケア・コーポレーション,6062.T
キャリアリンク,6070.T
IBJ,6071.T
アサンテ,6073.T
バリューHR,6078.T
M&Aキャピタルパートナーズ,6080.T
ライドオンエクスプレス HD,6082.T
アビスト,6087.T
シグマクシスHD,6088.T
ウィルグループ,6089.T
エスクロー・エージェント・ジャパン,6093.T
メドピア,6095.T
レアジョブ,6096.T
リクルート HD,6098.T
エラン,6099.T
ツガミ,6101.T
オークマ,6103.T
芝浦機械,6104.T
アマダ,6113.T
アイダエンジニアリング,6118.T
FUJI,6134.T
牧野フライス製作所,6135.T
オーエスジー,6136.T
旭ダイヤモンド工業,6140.T
DMG森精機,6141.T
ソディック,6143.T
ディスコ,6146.T
日東工器,6151.T
日進工具,6157.T
パンチ工業,6165.T
冨士ダイス,6167.T
土木管理総合試験所,6171.T
日本郵政,6178.T
ベルシステム24 HD,6183.T
鎌倉新書,6184.T
SMN,6185.T
グローバルキッズCOMPANY,6189.T
エアトリ,6191.T
アトラエ,6194.T
ストライク,6196.T
ソラスト,6197.T
セラク,6199.T
インソース,6200.T
豊田自動織機,6201.T
豊和工業,6203.T
リケンNPR,6209.T
東洋機械金属,6210.T
エンシュウ,6218.T
島精機製作所,6222.T
オプトラン,6235.T
イワキ,6237.T
フリュー,6238.T
ヤマシンフィルタ,6240.T
日阪製作所,6247.T
やまびこ,6250.T
野村マイクロ・サイエンス,6254.T
平田機工,6258.T
PEGASUS,6262.T
マルマエ,6264.T
タツモ,6266.T
ナブテスコ,6268.T
三井海洋開発,6269.T
レオン自動機,6272.T
SMC,6273.T
ホソカワミクロン,6277.T
ユニオンツール,6278.T
瑞光,6279.T
オイレス工業,6282.T
日精エー・エス・ビー機械,6284.T
サトー HD,6287.T
技研製作所,6289.T
日本エアーテック,6291.T
日精樹脂工業,6293.T
オカダアイヨン,6294.T
ワイエイシイ HD,6298.T
小松製作所,6301.T
住友重機械工業,6302.T
日立建機,6305.T
日工,6306.T
巴工業,6309.T
井関農機,6310.T
TOWA,6315.T
北川鉄工所,6317.T
ローツェ,6323.T
クボタ,6326.T
荏原実業,6328.T
東洋エンジニアリング,6330.T
三菱化工機,6331.T
月島 HD,6332.T
帝国電機製作所,6333.T
新東工業,6339.T
澁谷工業,6340.T
アイチコーポレーション,6345.T
小森コーポレーション,6349.T
鶴見製作所,6351.T
酒井重工業,6358.T
荏原製作所,6361.T
酉島製作所,6363.T
北越工業,6364.T
ダイキン工業,6367.T
オルガノ,6368.T
トーヨーカネツ,6369.T
栗田工業,6370.T
椿本チエイン,6371.T
日機装,6376.T
レイズネクスト,6379.T
アネスト岩田,6381.T
ダイフク,6383.T
サムコ,6387.T
加藤製作所,6390.T
タダノ,6395.T
フジテック,6406.T
CKD,6407.T
キトー,6409.T
平和,6412.T
理想科学工業,6413.T
三共,6417.T
日本金銭機械,6418.T
マースグループ HD,6419.T
フクシマガリレイ,6420.T
オーイズミ,6428.T
ダイコク電機,6430.T
竹内製作所,6432.T
アマノ,6436.T
JUKI,6440.T
サンデン,6444.T
ジャノメ,6445.T
ブラザー工業,6448.T
マックス,6454.T
モリタ HD,6455.T
グローリー,6457.T
新晃工業,6458.T
大和冷機工業,6459.T
セガサミー HD,6460.T
日本ピストンリング,6461.T
リケン,6462.T
TPR,6463.T
ツバキ・ナカシマ,6464.T
ホシザキ,6465.T
大豊工業,6470.T
日本精工,6471.T
NTN,6472.T
ジェイテクト,6473.T
不二越,6474.T
ミネベアミツミ,6479.T
日本トムソン,6480.T
THK,6481.T
ユーシン精機,6482.T
前澤給装工業,6485.T
イーグル工業,6486.T
日本ピラー工業,6490.T
キッツ,6498.T
日立製作所,6501.T
東芝,6502.T
三菱電機,6503.T
富士電機,6504.T
安川電機,6506.T
シンフォニアテクノロジー,6507.T
明電舎,6508.T
山洋電気,6516.T
デンヨー,6517.T
PHC HD,6523.T
KOKUSAI ELECTRIC,6525.T
ソシオネクスト,6526.T
ベイカレント・コンサルティング,6532.T
Orchestra HD,6533.T
アイモバイル,6535.T
キャリアインデックス,6538.T
MS-Japan,6539.T
ジャパンエレベーターサービス HD,6544.T
ソウルドアウト,6553.T
ウェルビー,6556.T
エル・ティー・エス,6560.T
ミダック HD,6564.T
日総工産,6569.T
キュービーネット HD,6571.T
RPA HD,6572.T
三櫻工業,6584.T
マキタ,6586.T
東芝テック,6588.T
芝浦メカトロニクス,6590.T
マブチモーター,6592.T
ニデック,6594.T
ユー・エム・シー・エレクトロニクス,6615.T
トレックス・セミコンダクター,6616.T
東光高岳,6617.T
ダブル・スコープ,6619.T
宮越 HD,6620.T
ダイヘン,6622.T
ヤーマン,6630.T
JVCケンウッド,6632.T
ミマキエンジニアリング,6638.T
I-PEX,6640.T
日新電機,6641.T
大崎電気工業,6644.T
オムロン,6645.T
日東工業,6651.T
IDEC,6652.T
正興電機製作所,6653.T
ジーエス・ユアサコーポレーション,6674.T
サクサ HD,6675.T
メルコ HD,6676.T
テクノメディカ,6678.T
ダイヤモンドエレクトリック HD,6699.T
日本電気,6701.T
富士通,6702.T
沖電気工業,6703.T
岩崎通信機,6704.T
電気興業,6706.T
サンケン電気,6707.T
アイホン,6718.T
ルネサスエレクトロニクス,6723.T
セイコーエプソン,6724.T
ワコム,6727.T
アルバック,6728.T
EIZO,6737.T
ジャパンディスプレイ,6740.T
日本信号,6741.T
京三製作所,6742.T
能美防災,6744.T
ホーチキ,6745.T
エレコム,6750.T
パナソニック HD,6752.T
シャープ,6753.T
アンリツ,6754.T
富士通ゼネラル,6755.T
ソニーグループ,6758.T
TDK,6762.T
帝国通信工業,6763.T
タムラ製作所,6768.T
アルプスアルパイン,6770.T
日本電波工業,6779.T
鈴木,6785.T
メイコー,6787.T
日本トリム,6788.T
ローランドディー.ジー.,6789.T
フォスター電機,6794.T
SMK,6798.T
ヨコオ,6800.T
ホシデン,6804.T
ヒロセ電機,6806.T
日本航空電子工業,6807.T
TOA,6809.T
マクセル,6810.T
古野電気,6814.T
ユニデン HD,6815.T
スミダコーポレーション,6817.T
アイコム,6820.T
リオン,6823.T
本多通信工業,6826.T
横河電機,6841.T
新電元工業,6844.T
アズビル,6845.T
日本光電工業,6849.T
チノー,6850.T
共和電業,6853.T
堀場製作所,6856.T
アドバンテスト,6857.T
エスペック,6859.T
キーエンス,6861.T
日置電機,6866.T
シスメックス,6869.T
日本マイクロニクス,6871.T
メガチップス,6875.T
IMAGICA GROUP,6879.T
デンソー,6902.T
原田工業,6904.T
コーセル,6905.T
イリソ電子工業,6908.T
オプテックスグループ,6914.T
レーザーテック,6920.T
スタンレー電気,6923.T
岩崎電気,6924.T
ウシオ電機,6925.T
エノモト,6928.T
日本セラミック,6929.T
遠藤照明,6932.T
古河電池,6937.T
山一電機,6941.T
図研,6947.T
日本電子,6951.T
カシオ計算機,6952.T
ファナック,6954.T
日本シイエムケイ,6958.T
エンプラス,6961.T
大真空,6962.T
ローム,6963.T
浜松ホトニクス,6965.T
三井ハイテック,6966.T
新光電気工業,6967.T
京セラ,6971.T
太陽誘電,6976.T
村田製作所,6981.T
双葉電子工業,6986.T
日東電工,6988.T
北陸電気工業,6989.T
東海理化電機製作所,6995.T
ニチコン,6996.T
日本ケミコン,6997.T
KOA,6999.T
三井E&S,7003.T
日立造船,7004.T
三菱重工業,7011.T
川崎重工業,7012.T
IHI,7013.T
スプリックス,7030.T
マネジメントソリューションズ,7033.T
プロレド・パートナーズ,7034.T
and factory,7035.T
テノ. HD,7037.T
フロンティア・マネジメント,7038.T
ピアラ,7044.T
コプロHD,7059.T
ギークス,7060.T
アンビス HD,7071.T
カーブス HD,7085.T
フォーラムエンジニアリング,7088.T
Fast Fitness Japan,7092.T
日本車輌製造,7102.T
フルサト・マルカ HD,7128.T
ヤマエグループ HD,7130.T
ジャパンクラフト HD,7135.T
FPG,7148.T
全国保証,7164.T
めぶき FG,7167.T
ジャパンインベストメントアドバイザー,7172.T
東京きらぼし FG,7173.T
九州 FG,7180.T
かんぽ生命保険,7181.T
ゆうちょ銀行,7182.T
富山第一銀行,7184.T
コンコルディア・ FG,7186.T
ジェイリース,7187.T
西日本フィナンシャル HD,7189.T
イントラスト,7191.T
Casa,7196.T
アルヒ,7198.T
プレミアグループ,7199.T
日産自動車,7201.T
いすゞ自動車,7202.T
トヨタ自動車,7203.T
日野自動車,7205.T
三菱自動車工業,7211.T
エフテック,7212.T
レシップ HD,7213.T
武蔵精密工業,7220.T
日産車体,7222.T
新明和工業,7224.T
極東開発工業,7226.T
トピー工業,7231.T
ティラド,7236.T
曙ブレーキ工業,7238.T
タチエス,7239.T
NOK,7240.T
フタバ産業,7241.T
カヤバ,7242.T
市光工業,7244.T
大同メタル工業,7245.T
プレス工業,7246.T
ミクニ,7247.T
太平洋工業,7250.T
河西工業,7256.T
アイシン,7259.T
マツダ,7261.T
今仙電機製作所,7266.T
本田技研工業,7267.T
スズキ,7269.T
SUBARU,7270.T
安永,7271.T
ヤマハ発動機,7272.T
小糸製作所,7276.T
TBK,7277.T
エクセディ,7278.T
ミツバ,7280.T
豊田合成,7282.T
愛三工業,7283.T
ヨロズ,7294.T
エフ・シー・シー,7296.T
シマノ,7309.T
テイ・エステック,7313.T
三十三 FG,7322.T
第四北越 FG,7327.T
ひろぎん HD,7337.T
マーキュリア HD,7347.T
おきなわ FG,7350.T
ダイレクトマーケティングミックス,7354.T
ポピンズ,7358.T
LITALICO,7366.T
十六 FG,7380.T
北國フィナンシャル HD,7381.T
ネットプロテクションズ HD,7383.T
プロクレア HD,7384.T
FPパートナー,7388.T
あいち FG,7389.T
ジャムコ,7408.T
小野建,7414.T
ノジマ,7419.T
佐鳥電機,7420.T
カッパ・クリエイト,7421.T
伯東,7433.T
コンドーテック,7438.T
ライトオン,7445.T
ナガイレーベン,7447.T
良品計画,7453.T
パリミキ HD,7455.T
松田産業,7456.T
第一興商,7458.T
メディパル HD,7459.T
SPK,7466.T
萩原電気 HD,7467.T
アルビス,7475.T
アズワン,7476.T
シモジマ,7482.T
ドウシシャ,7483.T
小津産業,7487.T
コナカ,7494.T
高速,7504.T
G-7 HD,7508.T
たけびし,7510.T
コジマ,7513.T
ヒマラヤ,7514.T
コーナン商事,7516.T
ネットワンシステムズ,7518.T
エコス,7520.T
ワタミ,7522.T
リックス,7525.T
システムソフト,7527.T
パン・パシフィック・インターナショナル HD,7532.T
丸文,7537.T
西松屋チェーン,7545.T
ゼンショー HD,7550.T
ハピネット,7552.T
幸楽苑 HD,7554.T
ハークスレイ,7561.T
橋本総業 HD,7570.T
日本ライフライン,7575.T
サイゼリヤ,7581.T
タカショー,7590.T
VT HD,7593.T
アルゴグラフィックス,7595.T
魚力,7596.T
IDOM,7599.T
日本エム・ディ・エム,7600.T
フジ・コーポレーション,7605.T
ユナイテッドアローズ,7606.T
進和,7607.T
ダイトロン,7609.T
ハイデイ日高,7611.T
シークス,7613.T
コロワイド,7616.T
ピーシーデポコーポレーション,7618.T
オーハシテクニカ,7628.T
壱番屋,7630.T
白銅,7637.T
スギ HD,7649.T
薬王堂 HD,7679.T
島津製作所,7701.T
ジェイ・エム・エス(称号JMS),7702.T
長野計器,7715.T
ブイ・テクノロジー,7717.T
スター精密,7718.T
東京計器,7721.T
愛知時計電機,7723.T
インターアクション,7725.T
オーバル,7727.T
東京精密,7729.T
マニー,7730.T
ニコン,7731.T
トプコン,7732.T
オリンパス,7733.T
理研計器,7734.T
SCREEN HD,7735.T
キヤノン電子,7739.T
タムロン,7740.T
HOYA,7741.T
シード,7743.T
ノーリツ鋼機,7744.T
A&Dホロン HD,7745.T
朝日インテック,7747.T
キヤノン,7751.T
リコー,7752.T
シチズン時計,7762.T
リズム,7769.T
大研医器,7775.T
メニコン,7780.T
中本パックス,7811.T
スノーピーク,7816.T
パラマウントベッド HD,7817.T
トランザクション,7818.T
粧美堂,7819.T
ニホンフラッシュ,7820.T
前田工繊,7821.T
アートネイチャー,7823.T
バンダイナムコ HD,7832.T
SHOEI,7839.T
フランスベッド HD,7840.T
マーベラス,7844.T
パイロットコーポレーション,7846.T
萩原工業,7856.T
エイベックス,7860.T
フジシールインターナショナル,7864.T
タカラトミー,7867.T
広済堂 HD,7868.T
レック,7874.T
三光合成,7888.T
プロネクサス,7893.T
大建工業,7905.T
TOPPAN HD,7911.T
大日本印刷,7912.T
共同印刷,7914.T
NISSHA,7915.T
藤森工業,7917.T
ヴィアHD,7918.T
TAKARA&COMPANY,7921.T
前澤化成工業,7925.T
未来工業,7931.T
アシックス,7936.T
ジェイエスピー,7942.T
ニチハ,7943.T
ローランド,7944.T
エフピコ,7947.T
小松ウオール工業,7949.T
ヤマハ,7951.T
河合楽器製作所,7952.T
クリナップ,7955.T
ピジョン,7956.T
天馬,7958.T
キングジム,7962.T
象印マホービン,7965.T
リンテック,7966.T
信越ポリマー,7970.T
東リ,7971.T
イトーキ,7972.T
任天堂,7974.T
三菱鉛筆,7976.T
松風,7979.T
タカラスタンダード,7981.T
コクヨ,7984.T
ナカバヤシ,7987.T
ニフコ,7988.T
立川ブラインド工業,7989.T
グローブライド,7990.T
オカムラ,7994.T
バルカー,7995.T
伊藤忠商事,8001.T
丸紅,8002.T
スクロール,8005.T
高島,8007.T
ヨンドシー HD,8008.T
三陽商会,8011.T
長瀬産業,8012.T
蝶理,8014.T
豊田通商,8015.T
オンワード HD,8016.T
兼松,8020.T
美津濃,8022.T
三井物産,8031.T
日本紙パルプ商事,8032.T
東京エレクトロン,8035.T
カメイ,8037.T
スターゼン,8043.T
セイコーグループ,8050.T
山善,8051.T
椿本興業,8052.T
住友商事,8053.T
BIPROGY,8056.T
内田洋行,8057.T
三菱商事,8058.T
第一実業,8059.T
キヤノンマーケティングジャパン,8060.T
西華産業,8061.T
佐藤商事,8065.T
菱洋エレクトロ,8068.T
東京産業,8070.T
ユアサ商事,8074.T
神鋼商事,8075.T
トルク,8077.T
阪和興業,8078.T
正栄食品工業,8079.T
カナデン,8081.T
RYODEN,8084.T
ニプロ,8086.T
岩谷産業,8088.T
ニチモウ,8091.T
極東貿易,8093.T
アステナ HD,8095.T
兼松エレクトロニクス,8096.T
三愛オブリ,8097.T
稲畑産業,8098.T
GSIクレオス,8101.T
明和産業,8103.T
ゴールドウイン,8111.T
ユニ・チャーム,8113.T
デサント,8114.T
ワキタ,8125.T
東邦 HD,8129.T
サンゲツ,8130.T
シナネン HD,8132.T
伊藤忠エネクス,8133.T
サンリオ,8136.T
サンワテクノス,8137.T
リョーサン,8140.T
新光商事,8141.T
トーホー,8142.T
三信電気,8150.T
東陽テクニカ,8151.T
モスフードサービス,8153.T
加賀電子,8154.T
三益半導体工業,8155.T
都築電気,8157.T
ソーダニッカ,8158.T
立花エレテック,8159.T
木曽路,8160.T
SRS HD,8163.T
千趣会,8165.T
リテールパートナーズ,8167.T
ケーヨー,8168.T
上新電機,8173.T
日本瓦斯,8174.T
ロイヤル HD,8179.T
いなげや,8182.T
チヨダ,8185.T
ライフコーポレーション,8194.T
リンガーハット,8200.T
ミスターマックスHD,8203.T
AOKI HD,8214.T
オークワ,8217.T
コメリ,8218.T
青山商事,8219.T
しまむら,8227.T
髙島屋,8233.T
松屋,8237.T
エイチ・ツー・オーリテイリング,8242.T
丸井グループ,8252.T
クレディセゾン,8253.T
アクシアルリテイリング,8255.T
イオン,8267.T
イズミ,8273.T
フォーバル,8275.T
平和堂,8276.T
フジ,8278.T
ヤオコー,8279.T
ゼビオ HD,8281.T
ケーズ HD,8282.T
PALTAC,8283.T
三谷産業,8285.T
日産東京販売 HD,8291.T
あおぞら銀行,8304.T
三菱UFJ FG,8306.T
りそな HD,8308.T
三井住友トラストHD,8309.T
三井住友 FG,8316.T
千葉銀行,8331.T
群馬銀行,8334.T
武蔵野銀行,8336.T
千葉興業銀行,8337.T
筑波銀行,8338.T
七十七銀行,8341.T
秋田銀行,8343.T
山形銀行,8344.T
岩手銀行,8345.T
東邦銀行,8346.T
ふくおか FG,8354.T
静岡銀行,8355.T
スルガ銀行,8358.T
八十二銀行,8359.T
山梨中央銀行,8360.T
大垣共立銀行,8361.T
福井銀行,8362.T
清水銀行,8364.T
滋賀銀行,8366.T
南都銀行,8367.T
百五銀行,8368.T
京都銀行,8369.T
紀陽銀行,8370.T
ほくほく FG,8377.T
山陰合同銀行,8381.T
中国銀行,8382.T
伊予銀行,8385.T
百十四銀行,8386.T
四国銀行,8387.T
阿波銀行,8388.T
大分銀行,8392.T
宮崎銀行,8393.T
佐賀銀行,8395.T
琉球銀行,8399.T
セブン銀行,8410.T
みずほ FG,8411.T
山口 FG,8418.T
芙蓉総合リース,8424.T
みずほリース,8425.T
東京センチュリー,8439.T
SBI HD,8473.T
日本証券金融,8511.T
アイフル,8515.T
名古屋銀行,8522.T
北洋銀行,8524.T
愛知銀行,8527.T
中京銀行,8530.T
愛媛銀行,8541.T
京葉銀行,8544.T
栃木銀行,8550.T
北日本銀行,8551.T
東和銀行,8558.T
リコーリース,8566.T
イオンフィナンシャルサービス,8570.T
ジャックス,8584.T
オリエントコーポレーション,8585.T
オリックス,8591.T
三菱HCキャピタル,8593.T
ジャフコグループ,8595.T
トモニ HD,8600.T
大和証券G,8601.T
野村 HD,8604.T
岡三証券グループ,8609.T
丸三証券,8613.T
東洋証券,8614.T
東海東京フィナンシャルHD,8616.T
水戸証券,8622.T
いちよし証券,8624.T
松井証券,8628.T
SOMPO HD,8630.T
日本取引所グループ,8697.T
マネックスグループ,8698.T
極東証券,8706.T
岩井コスモ HD,8707.T
アイザワ証券グループ,8708.T
フィデア HD,8713.T
池田泉州 HD,8714.T
アニコム HD,8715.T
MS&ADインシュアランスグループ HD,8725.T
マネーパートナーズグループ,8732.T
スパークス・グループ,8739.T
第一生命 HD,8750.T
東京海上 HD,8766.T
アドバンテッジリスクマネジメント,8769.T
イー・ギャランティ,8771.T
NECキャピタルソリューション,8793.T
T&D HD,8795.T
アドバンスクリエイト,8798.T
三井不動産,8801.T
三菱地所,8802.T
平和不動産,8803.T
東京建物,8804.T
京阪神ビルディング,8818.T
住友不動産,8830.T
東京楽天地,8842.T
レオパレス21,8848.T
スターツコーポレーション,8850.T
フジ住宅,8860.T
空港施設,8864.T
明和地所,8869.T
ゴールドクレスト,8871.T
リログループ,8876.T
エスリード,8877.T
日神グループ HD,8881.T
日本エスコン,8892.T
MIRARTH HD,8897.T
AVANTIA,8904.T
イオンモール,8905.T
ファースト住建,8917.T
カチタス,8919.T
トーセイ,8923.T
サンフロンティア不動産,8934.T
FJネクスト HD,8935.T
インテリックス,8940.T
サンネクスタグループ,8945.T
グランディハウス,8999.T
東武鉄道,9001.T
相鉄 HD,9003.T
東急,9005.T
京浜急行電鉄,9006.T
小田急電鉄,9007.T
京王電鉄,9008.T
京成電鉄,9009.T
富士急行,9010.T
東日本旅客鉄道,9020.T
西日本旅客鉄道,9021.T
東海旅客鉄道,9022.T
西武 HD,9024.T
鴻池運輸,9025.T
西日本鉄道,9031.T
ハマキョウレックス,9037.T
サカイ引越センター,9039.T
近鉄グループ HD,9041.T
阪急阪神 HD,9042.T
南海電気鉄道,9044.T
京阪 HD,9045.T
神戸電鉄,9046.T
名古屋鉄道,9048.T
山陽電気鉄道,9052.T
アルプス物流,9055.T
トランコム,9058.T
ヤマト HD,9064.T
山九,9065.T
日新,9066.T
丸全昭和運輸,9068.T
センコーグループ HD,9069.T
トナミ HD,9070.T
ニッコン HD,9072.T
福山通運,9075.T
セイノー HD,9076.T
神奈川中央交通,9081.T
ロジスティード,9086.T
AZ-COM丸和 HD,9090.T
C&Fロジ HD,9099.T
日本郵船,9101.T
商船三井,9104.T
川崎汽船,9107.T
NSユナイテッド海運,9110.T
飯野海運,9119.T
九州旅客鉄道,9142.T
SG HD,9143.T
NIPPON EXPRESS HD,9147.T
ID&E HD,9161.T
日本航空,9201.T
ANA HD,9202.T
ビーウィズ,9216.T
TRE HD,9247.T
人・夢・技術グループ,9248.T
西本Wismettac HD,9260.T
シルバーライフ,9262.T
Genky DrugStores,9267.T
コーア商事 HD,9273.T
KPPグループ HD,9274.T
ブックオフグループ HD,9278.T
ギフト HD,9279.T
三菱倉庫,9301.T
三井倉庫 HD,9302.T
住友倉庫,9303.T
澁澤倉庫,9304.T
ヤマタネ,9305.T
日本トランスシティ,9310.T
中央倉庫,9319.T
安田倉庫,9324.T
ファイズ HD,9325.T
NISSO HD,9332.T
大栄環境,9336.T
日本管財 HD,9347.T
東洋埠頭,9351.T
上組,9364.T
近鉄エクスプレス,9375.T
エーアイテイー,9381.T
内外トランスライン,9384.T
ショーエイコーポレーション,9385.T
日本コンセプト,9386.T
TBS HD,9401.T
日本テレビ HD,9404.T
朝日放送グループ HD,9405.T
テレビ朝日 HD,9409.T
スカパーJSAT HD,9412.T
テレビ東京 HD,9413.T
ビジョン,9416.T
USEN-NEXT HOLDINGS,9418.T
ワイヤレスゲート,9419.T
コネクシオ,9422.T
日本通信,9424.T
日本電信電話,9432.T
KDDI,9433.T
ソフトバンク,9434.T
光通信,9435.T
エムティーアイ,9438.T
GMOインターネットグループ,9449.T
ファイバーゲート,9450.T
KADOKAWA,9468.T
学研 HD,9470.T
ゼンリン,9474.T
東京電力 HD,9501.T
中部電力,9502.T
関西電力,9503.T
中国電力,9504.T
北陸電力,9505.T
東北電力,9506.T
四国電力,9507.T
九州電力,9508.T
北海道電力,9509.T
沖縄電力,9511.T
電源開発,9513.T
エフオン,9514.T
イーレックス,9517.T
レノバ,9519.T
東京瓦斯,9531.T
大阪瓦斯,9532.T
東邦瓦斯,9533.T
北海道瓦斯,9534.T
広島ガス,9535.T
西部ガス HD,9536.T
静岡ガス,9543.T
メタウォーター,9551.T
M&A総研 HD,9552.T
アイネット,9600.T
松竹,9601.T
東宝,9602.T
エイチ・アイ・エス,9603.T
東映,9605.T
ラックランド,9612.T
NTTデータグループ,9613.T
共立メンテナンス,9616.T
イチネン HD,9619.T
建設技術研究所,9621.T
スペース,9622.T
アイン HD,9627.T
燦 HD,9628.T
ピー・シー・エー,9629.T
タナベコンサルティンググループ,9644.T
ビジネスブレイン太田昭和,9658.T
ナガワ,9663.T
東京都競馬,9672.T
カナモト,9678.T
DTS,9682.T
スクウェア・エニックスHD,9684.T
シーイーシー,9692.T
カプコン,9697.T
ニシオ HD,9699.T
アイ・エス・ビー,9702.T
日本空港ビルデング,9706.T
トランス・コスモス,9715.T
乃村工藝社,9716.T
ジャステック,9717.T
SCSK,9719.T
藤田観光,9722.T
日本管財,9728.T
トーカイ,9729.T
セコム,9735.T
NSW,9739.T
セントラル警備保障,9740.T
アイネス,9742.T
丹青社,9743.T
メイテックグループ HD,9744.T
TKC,9746.T
富士ソフト,9749.T
応用地質,9755.T
船井総研 HD,9757.T
NSD,9759.T
オオバ,9765.T
コナミグループ,9766.T
学究社,9769.T
ベネッセ HD,9783.T
イオンディライト,9787.T
ナック,9788.T
福井コンピュータ HD,9790.T
ダイセキ,9793.T
ステップ,9795.T
日鉄物産,9810.T
泉州電業,9824.T
トラスコ中山,9830.T
ヤマダ HD,9831.T
オートバックスセブン,9832.T
モリト,9837.T
アークランズ,9842.T
ニトリ HD,9843.T
グルメ杵屋,9850.T
吉野家 HD,9861.T
加藤産業,9869.T
イノテック,9880.T
イエローハット,9882.T
松屋フーズ HD,9887.T
JBCC HD,9889.T
JK HD,9896.T
サガミ HD,9900.T
日伝,9902.T
ミロク情報サービス,9928.T
杉本商事,9932.T
因幡電機産業,9934.T
王将フードサービス,9936.T
プレナス,9945.T
ミニストップ,9946.T
アークス,9948.T
バロー HD,9956.T
東テク,9960.T
ミスミG,9962.T
ベルク,9974.T
ファーストリテイリング,9983.T
ソフトバンクグループ,9984.T
スズケン,9987.T
サンドラッグ,9989.T
サックスバー HD,9990.T
ジェコス,9991.T
グローセル,9995.T
ベルーナ,9997.T
